theory,source,category,known_result,fractal_coherence,fractal_time,fractal_peak_scale,peak_alpha,conv_rate,sg_corr,dim_scale,cqc,stability,entropy,spectrum,quantum_fidelity,quantum_time,consistency,coupling_strength,phase_trans,spec_corr,timestamp
Riemann Hypothesis,Smale (1998),Number Theory,Open,100,1.8493242263793945,0,1.5,0,0,0.071428571,2515.3991160001538,0.30985290839832647,1.196865397058288,"[20.648086162058895, 10.371287085181345, 6.5828651969514524, 5.01686873898128, 4.333296352984297]",28.29589844,0.668097973,100,0,0,0,5/23/2025 4:04
Poincare Conjecture,Smale (1998),Topology,Solved by Perelman,100,3.2880654335021973,0,1.5,0,0,0.1111111111111111,9.86864910777917e-15,0,2.302585091994046,"[10.0, 0.0, 0.0, 0.0, 0.0]",18.60351563,0.5286860466003418,100,0,0,0.9373998780369407,5/23/2025 4:04
P vs NP,Smale (1998),Computation,Open,100,1.9747850894927979,0,1.8680000000000003,0,0.13199999999999967,0.083333333,35430.189795031176,0.042055329922234375,1.1051997278772194,"[71.71067872323162, 40.69136553968761, 25.84079093205664, 19.62888087513644, 16.944809795656337]",3.833007813,0.4226717948913574,100,0,0,0.9978756212345117,5/23/2025 4:04
Navier-Stokes Existence,Smale (1998),Physics,Open,100,0.6763954162597656,0,1.6669999999999998,0,0.033,0.125,31333.977701627264,0.3123971590080671,1.105798972148235,"[67.49565287951549, 38.22574157835246, 24.283410414255897, 18.447205147292696, 15.92507158320474]",4.833984375,0.14321327209472656,100,0,0,0.9979529926974859,5/23/2025 4:04
Integer Programming,Smale (1998),Computation,Open,100,0.680321217,0,1.75,0,0.050000000000000044,0.083333333,34901.66174095615,0.16916641279556127,1.1052638462841877,"[71.18067708268602, 40.38153120821416, 25.645130131673405, 19.480425980031647, 16.816700464428365]",4.418945313,0.12752151489257812,100,0,0,0.9978847633832165,5/23/2025 4:04
Birch-Swinnerton-Dyer,Smale (1998),Number Theory,Open,100,0.8269436359405518,0,1.55,0,0.050000000000000044,0.071428571,35612.38601307278,0.1063153838831514,1.105178414208324,"[71.89248885613557, 40.797637602910115, 25.90789918890991, 19.67979803987371, 16.988748745316535]",8.081054688,0.20311951637268066,100,0,0,0.9978725218101697,5/23/2025 4:04
Spherical Points,Smale (1998),Geometry,Open,100,1.0693182945251465,0,1.65,0,0.031999999999999806,0.1111111111111111,35426.81148756988,0.042390133,1.105200126838962,"[71.7073032777379, 40.68939245637972, 25.839544964348416, 19.627935518504618, 16.943994000096925]",12.42675781,0.12490034103393555,100,0,0,0.9978756789536257,5/23/2025 4:04
Anosov Diffeomorphisms,Smale (1998),Dynamical Systems,Open,100,0.6617841720581055,0,1.45,0,0.050000000000000044,0.055555556,19134.827305668543,0.41089759497634837,1.1102080086520905,"[53.01477595635727, 29.723417828511987, 18.906067193689328, 14.366445639527312, 12.403357671463532]",6.0546875,0.1186981201171875,100,0,0,0.998324005,5/23/2025 4:04
Linear Inequalities,Smale (1998),Computation,Open,100,0.6815829277038574,0,1.6,0,0.018000000000000016,0.083333333,24575.512857336453,0.3547436226540393,1.1075336450739772,"[59.903800568759976, 33.77498335919266, 21.47000143294498, 16.312295296487655, 14.082671880186876]",3.930664063,0.12226247787475586,100,0,0,0.9981237765001055,5/23/2025 4:04
Quantum Foundations,Smale (1998),Quantum Theory,Open,100,0.6762886047363281,0,1.6,0,0.018000000000000016,0.066666667,5991.906572197217,0.4699552863354743,1.1405640631945237,"[30.494805046742613, 16.346901673090702, 10.409558591687134, 7.917197799935801, 6.837052452707051]",25.17089844,0.1216285228729248,100,0,0,0.9994634009836578,5/23/2025 4:04
Weinstein Conjecture,Smale (1998),Symplectic Geometry,Open,100,0.6874661445617676,0,1.6,0,0.018000000000000016,0.05,24575.51285733645,0.44470637660678813,1.1075336450739777,"[59.90380056876, 33.77498335919267, 21.47000143294498, 16.31229529648765, 14.082671880186874]",10.32714844,0.12012958526611328,100,0,0,0.9981237765001058,5/23/2025 4:04
Closing Lemma,Smale (1998),Dynamical Systems,Open,100,0.6781749725341797,0,1.5,0,0,0.055555556,24909.065371083998,0.35017486824333943,1.1074165561718565,"[60.30070164553953, 34.00801188966579, 21.61737894693542, 16.424137356887062, 14.17919211413766]",7.495117188,0.12967872619628906,100,0,0,0.9981136821708196,5/23/2025 4:04
Limit Cycles,Smale (1998),Dynamical Systems,Open,100,0.6765563488006592,0,1.45,0,0.050000000000000044,0.055555556,32532.225435582688,0.18906318167410036,1.1055974619889835,"[68.75507826617527, 38.9628356589173, 24.749068716594316, 18.800535830425908, 16.229983981624134]",15.28320313,0.12929415702819824,100,0,0,0.9979287203236831,5/23/2025 4:04
Lorenz Attractor,Smale (1998),Dynamical Systems,Open,100,1.2601397037506104,0,1.65,0,0.031999999999999806,0.055555556,35671.96520476715,0.097827825,1.1051715302832963,"[71.95184340301526, 40.83233027392946, 25.92980648159046, 19.696419766681558, 17.003092449973632]",4.58984375,0.2243802547454834,100,0,0,0.9978715139737415,5/23/2025 4:04
Navier-Stokes Uniqueness,Smale (1998),Physics,Open,100,0.6589691638946533,0,1.6669999999999998,0,0.033,0.125,31333.977701627264,0.3123971590080671,1.105798972148235,"[67.49565287951549, 38.22574157835246, 24.283410414255897, 18.447205147292696, 15.92507158320474]",4.443359375,0.1394352912902832,100,0,0,0.9979529926974859,5/23/2025 4:04
Jacobian Conjecture,Smale (1998),Algebra,Open,100,0.6861200332641602,0,1.5499999999999998,0,0.05,0.125,19813.86577502728,0.40565325826568743,1.1097750849593488,"[53.92242254774186, 30.258013836531887, 19.244552472586726, 14.62334650503317, 12.625073212993666]",3.80859375,0.12686371803283691,100,0,0,0.9982946691431168,5/23/2025 4:04
Polynomial Zeros,Smale (1998),Computation,Open,100,0.6586410999298096,0,1.7,0,0,0.083333333,35723.10865546307,0.004454185,1.105165654459497,"[72.0027554931936, 40.86208779740569, 25.94859727328906, 19.71067689739129, 17.01539562507036]",5.639648438,0.14037847518920898,100,0,0,0.9978706510585543,5/23/2025 4:04
Limits of Intelligence,Smale (1998),Interdisciplinary,Open,100,0.6702241897583008,0,2.7,0,0.018281828459044913,0.055555556,33270.57195864814,0.5614255858829478,1.1054848389969838,"[69.51989266481229, 39.41029202077868, 25.0317139920021, 19.014996929073508, 16.41505564905369]",31.76269531,0.12083745002746582,100,0,0,0.9979144742887628,5/23/2025 4:04
Brain Model,DARPA (2008),Neuroscience,Open,100,0.6649281978607178,0,2.55,0,0.16828182845904527,0.076923077,29593.615389942664,0.7519295716954068,1.1061384188457122,"[65.62389330934438, 37.12964479133549, 23.590816452815126, 17.92166727189824, 15.47154640466796]",40.72265625,0.1307849884033203,100,0,0,0.9979910361334647,5/23/2025 4:04
High-Dimensional Networks,DARPA (2008),Network Theory,Open,100,0.6814827919006348,0,1.5,0,0,0.066666667,16470.626058151553,0.5164773025573319,1.1123140393389161,"[49.29288465459639, 27.528450895436627, 17.515654908236442, 13.311118572666366, 11.492555956109793]",17.67578125,0.13269519805908203,100,0,0,0.9984551476375503,5/23/2025 4:04
Stochasticity,DARPA (2008),Probability,Open,100,0.6901671886444092,0,1.4,0,0.10000000000000009,0.083333333,27183.10026197963,0.31487193918418366,1.106719149979121,"[62.94049115096989, 35.55688325144915, 22.596731690121995, 17.16733001551593, 14.820565294501753]",12.6953125,0.12281656265258789,100,0,0,0.9980500204212668,5/23/2025 4:04
21st-Century Fluids,DARPA (2008),Physics,Open,100,1.2644379138946533,0,1.55,0,0.050000000000000044,0.125,19984.122215687752,0.4946926753464166,1.1096719944488729,"[54.14762140496839, 30.390614622463172, 19.32850111932896, 14.687060534259905, 12.68006073236082]",9.106445313,0.21072649955749512,100,0,0,0.9982875405750142,5/23/2025 4:05
Biological QFT,DARPA (2008),Biophysics,Open,100,0.6620321273803711,0,2.6,0,0.118281828,0.090909091,9982.239770053859,0.9102110156810339,1.1227565082793898,"[38.7572081865859, 21.28556584408515, 13.55407731876782, 10.303969820130456, 8.89712348583563]",25.80566406,0.12810540199279785,100,0,0,0.9989417104397584,5/23/2025 4:05
Computational Duality,DARPA (2008),Computation,Open,100,0.6876821517944336,0,1.45,0,0.050000000000000044,0.083333333,24072.18178802688,0.36136867185032473,1.107718449,"[59.299886160415184, 33.42033516903179, 21.24568893057667, 16.142067180836182, 13.935763769041047]",5.810546875,0.12323927879333496,100,0,0,0.9981394112382612,5/23/2025 4:05
Occam's Razor,DARPA (2008),Statistics,Open,100,0.6825706958770752,0,1.6,0,0.018000000000000016,0.090909091,24575.51285733645,0.44470637660678813,1.1075336450739777,"[59.90380056876, 33.77498335919267, 21.47000143294498, 16.31229529648765, 14.082671880186874]",11.37695313,0.1177361011505127,100,0,0,0.9981237765001058,5/23/2025 4:05
Dark Energy,DARPA (2008),Cosmology,Open,100,0.6837425231933594,0,2.15,0,0.1499999999999999,0.1,28569.19036092663,0.5237178401699534,1.1063679339949204,"[64.49700476524383, 36.469368530446935, 23.173524199333592, 17.605019341529523, 15.198285439977278]",50.390625,0.12744545936584473,100,0,0,0.9980151426073086,5/23/2025 4:05
Evolutionary Dynamics,DARPA (2008),Biology,Open,100,0.6772229671478271,0,1.5,0,0,0.125,26546.05323046523,0.4149423284202681,1.1068981377269804,"[62.2121802996173, 35.12972424132877, 22.326676316784173, 16.962398955475354, 14.643711336225657]",17.30957031,0.12993073463439941,100,0,0,0.9980669998808712,5/23/2025 4:05
High-Dimensional Geometry,DARPA (2008),Geometry,Open,100,0.6877841949462891,0,1.45,0,0.050000000000000044,0.1111111111111111,32532.225435582688,0.18906318167410036,1.1055974619889835,"[68.75507826617527, 38.9628356589173, 24.749068716594316, 18.800535830425908, 16.229983981624134]",15.84472656,0.14554738998413086,100,0,0,0.9979287203236831,5/23/2025 4:05
Persistent Homology,DARPA (2008),Topology,Open,100,0.874685526,0,1.4,0,0.10000000000000009,0.1111111111111111,27183.10026197963,0.31487193918418366,1.106719149979121,"[62.94049115096989, 35.55688325144915, 22.596731690121995, 17.16733001551593, 14.820565294501753]",12.79296875,0.21375632286071777,100,0,0,0.9980500204212668,5/23/2025 4:05
Quantum Computing,DARPA (2008),Quantum Info,Open,100,1.0721802711486816,0,1.3,0,0.19999999999999996,0.076923077,17457.542191023225,0.4217743959331711,1.1114480282310355,"[50.70342434619951, 28.36085945603569, 18.043075064281954, 13.71144004255529, 11.83805649795449]",3.686523438,0.13556551933288574,100,0,0,0.9984033033445597,5/23/2025 4:05
Scalable Game Theory,DARPA (2008),Game Theory,Open,100,0.6686651706695557,0,1.5,0,0,0.083333333,29593.615389942617,0.26778985349488044,1.1061384188457124,"[65.62389330934435, 37.12964479133546, 23.59081645281511, 17.921667271898222, 15.471546404667947]",7.470703125,0.1333329677581787,100,0,0,0.9979910361334647,5/23/2025 4:05
Virus Evolution,DARPA (2008),Information Theory,Open,100,0.655874491,0,1.55,0,0.050000000000000044,0.052631579,19984.122215687752,0.4946926753464166,1.1096719944488729,"[54.14762140496839, 30.390614622463172, 19.32850111932896, 14.687060534259905, 12.68006073236082]",8.471679688,0.15058350563049316,100,0,0,0.9982875405750142,5/23/2025 4:05
Genome Geometry,DARPA (2008),Genomics,Open,100,0.6762609481811523,0,1.5499999999999998,0,0.05,0.1111111111111111,6766.064055755558,0.4825801044153077,1.135520848186033,"[32.267440104673774, 17.410673206625958, 11.087936258479616, 8.432026424009598, 7.281414424749902]",20.38574219,0.12787866592407227,100,0,0,0.9993421746040754,5/23/2025 4:05
Biological Symmetries,DARPA (2008),Biology,Open,100,0.6472115516662598,0,1.45,0,0.050000000000000044,0.125,34901.661740955955,0.16916641279555586,1.105263846,"[71.18067708268593, 40.3815312082141, 25.645130131673337, 19.48042598003158, 16.816700464428298]",15.25878906,0.129805326,100,0,0,0.9978847633832165,5/23/2025 4:05
Self-Reproducing Machines,DARPA (2008),Engineering,Open,100,0.6810905933380127,0,2.65,0,0.068281828,0.083333333,29876.490150499514,0.4617791862157151,1.1060791205612572,"[65.93170263236817, 37.30994963315156, 23.704757673715992, 18.008126608938024, 15.546158825112173]",27.78320313,0.13090062141418457,100,0,0,0.9979846119207156,5/23/2025 4:05
Beyond Turing,DARPA (2008),Computation,Open,100,0.6625280380249023,0,2.7,0,0.018281828459044913,0.083333333,25898.137306040615,0.8685592230365042,1.1070927433571474,"[61.46267073770464, 34.68999781459537, 22.048646044575804, 16.751413423512375, 14.461631644446177]",31.22558594,0.12901854515075684,100,0,0,0.998084931,5/23/2025 4:05
Network Control,DARPA (2008),Control Theory,Open,100,1.3180890083312988,0,1.6,0,0.018000000000000016,0.066666667,24575.51285733645,0.44470637660678813,1.1075336450739777,"[59.90380056876, 33.77498335919267, 21.47000143294498, 16.31229529648765, 14.082671880186874]",11.05957031,0.221754789,100,0,0,0.9981237765001058,5/23/2025 4:05
Consciousness Theory,DARPA (2008),Neuroscience,Open,100,0.6779599189758301,0,2.55,0,0.16828182845904527,0.076923077,29593.615389942664,0.7519295716954068,1.1061384188457122,"[65.62389330934438, 37.12964479133549, 23.590816452815126, 17.92166727189824, 15.47154640466796]",39.86816406,0.13255763053894043,100,0,0,0.9979910361334647,5/23/2025 4:05
Cryptography Structures,DARPA (2008),Cryptography,Open,100,0.6926343441009521,0,1.65,0,0.031999999999999806,0.076923077,29735.62729069097,0.352764938,1.1061084377615247,"[65.77860128805398, 37.22027039468663, 23.64808665708894, 17.965124330469504, 15.509048862998998]",4.565429688,0.12468743324279785,100,0,0,0.9979877988031061,5/23/2025 4:05
Emergent Phenomena,DARPA (2008),Complex Systems,Open,100,0.6635136604309082,0,2.6,0,0.118281828,0.0625,9982.239770053859,0.9102110156810339,1.1227565082793898,"[38.7572081865859, 21.28556584408515, 13.55407731876782, 10.303969820130456, 8.89712348583563]",23.46191406,0.1250452995300293,100,0,0,0.9989417104397584,5/23/2025 4:05
Fundamental Biology,DARPA (2008),Biology,Open,100,0.6859476566314697,0,2.5,0,0.2182818284590451,0.125,26546.05323046524,0.6065025544807556,1.1068981377269798,"[62.2121802996173, 35.12972424132877, 22.326676316784187, 16.96239895547536, 14.643711336225666]",36.27929688,0.1205453872680664,100,0,0,0.9980669998808709,5/23/2025 4:05
Fermats Last Theorem,Wiles (1995),Number Theory,Solved by Wiles,100,0.6818604469299316,0,0.97,0,0.030000000000000027,0.071428571,9.86864910777917e-15,0,2.302585091994046,"[10.0, 0.0, 0.0, 0.0, 0.0]",5.029296875,0.12923765182495117,100,0,0,0.9373998780369407,5/23/2025 4:05
Four Color Theorem,Appel & Haken (1977),Graph Theory,Solved with computer proof,100,1.0563111305236816,0,1.32,0,0.17999999999999994,0.076923077,9.86864910777917e-15,0,2.302585091994046,"[10.0, 0.0, 0.0, 0.0, 0.0]",9.643554688,0.11882829666137695,100,0,0,0.9373998780369407,5/23/2025 4:05
Kepler Conjecture,Hales (1998),Geometry,Solved with computer proof,100,1.3068857192993164,0,1.23,0,0.22999999999999998,0.1111111111111111,9.86864910777917e-15,0,2.302585091994046,"[10.0, 0.0, 0.0, 0.0, 0.0]",6.811523438,0.20310449600219727,100,0,0,0.9373998780369407,5/23/2025 4:05
Honeycomb Conjecture,Hales (1999),Geometry,Solved by Hales,100,0.6822695732116699,0,1.15,0,0.1499999999999999,0.1111111111111111,9.86864910777917e-15,0,2.302585091994046,"[10.0, 0.0, 0.0, 0.0, 0.0]",5.688476563,0.1316688060760498,100,0,0,0.9373998780369407,5/23/2025 4:05
Bieberbach Conjecture,de Branges (1985),Complex Analysis,Solved by de Branges,100,0.6790456771850586,0,1.08,0,0.08,0.058823529411764705,9.86864910777917e-15,0,2.302585091994046,"[10.0, 0.0, 0.0, 0.0, 0.0]",3.7109375,0.14628028869628906,100,0,0,0.9373998780369407,5/23/2025 4:05
Catalan Conjecture,Mihăilescu (2002),Number Theory,Solved by Mihăilescu,100,0.6661422252655029,0,1.02,0,0.020000000000000018,0.071428571,9.86864910777917e-15,0,2.302585091994046,"[10.0, 0.0, 0.0, 0.0, 0.0]",4.1015625,0.14611363410949707,100,0,0,0.9373998780369407,5/23/2025 4:05
Prime Number Theorem,Hadamard & de la Vallée-Poussin (1896),Number Theory,Solved,100,0.6863119602203369,0,1.13,0,0.1299999999999999,0.071428571,9.86864910777917e-15,0,2.302585091994046,"[10.0, 0.0, 0.0, 0.0, 0.0]",4.296875,0.13006281852722168,100,0,0,0.9373998780369407,5/23/2025 4:05
Mordell Conjecture,Faltings (1983),Algebraic Geometry,Solved by Faltings,100,0.6698009967803955,0,1.28,0,0.21999999999999997,0.052631579,9.86864910777917e-15,0,2.302585091994046,"[10.0, 0.0, 0.0, 0.0, 0.0]",8.59375,0.13905835151672363,100,0,0,0.9373998780369407,5/23/2025 4:05
Green Tao Theorem,Green & Tao (2004),Number Theory,Solved,100,0.6848273277282715,0,1.17,0,0.16999999999999993,0.071428571,9.86864910777917e-15,0,2.302585091994046,"[10.0, 0.0, 0.0, 0.0, 0.0]",5.249023438,0.12914276123046875,100,0,0,0.9373998780369407,5/23/2025 4:05
Simple Group Classification,Multiple Contributors (1981-2004),Group Theory,Solved,100,0.7683148384094238,0,1.65,0,0.031999999999999806,0.076923077,9.86864910777917e-15,0,2.302585091994046,"[10.0, 0.0, 0.0, 0.0, 0.0]",27.5390625,0.23715424537658691,100,0,0,0.9373998780369407,5/23/2025 4:05
Graph Minor Theorem,Robertson & Seymour (1983-2004),Graph Theory,Solved,100,1.118633508682251,0,1.42,0,0.08,0.076923077,9.86864910777917e-15,0,2.302585091994046,"[10.0, 0.0, 0.0, 0.0, 0.0]",14.37988281,0.12937808,100,0,0,0.9373998780369407,5/23/2025 4:05
Snake Lemma,Classical,Homological Algebra,Solved,100,0.6660213470458984,0,1.03,0,0.030000000000000027,0.05,9.86864910777917e-15,0,2.302585091994046,"[10.0, 0.0, 0.0, 0.0, 0.0]",3.784179688,0.12789249420166016,100,0,0,0.9373998780369407,5/23/2025 4:05
Szemeredi Theorem,Szemerédi (1975),Combinatorics,Solved,100,0.6825399398803711,0,1.21,0,0.20999999999999996,0.071428571,9.86864910777917e-15,0,2.302585091994046,"[10.0, 0.0, 0.0, 0.0, 0.0]",5.834960938,0.1291041374206543,100,0,0,0.9373998780369407,5/23/2025 4:05
Conway Knot Problem,Piccirillo (2018),Knot Theory,Solved by Piccirillo,100,0.6694967746734619,0,1.26,0,0.24,0.083333333,9.86864910777917e-15,0,2.302585091994046,"[10.0, 0.0, 0.0, 0.0, 0.0]",6.73828125,0.1286330223083496,100,0,0,0.9373998780369407,5/23/2025 4:05
Denjoy Wolff Theorem,Denjoy & Wolff (1926-1936),Complex Analysis,Solved,100,0.6740055084228516,0,1.11,0,0.1100000000000001,0.058823529411764705,9.86864910777917e-15,0,2.302585091994046,"[10.0, 0.0, 0.0, 0.0, 0.0]",4.028320313,0.12301301956176758,100,0,0,0.9373998780369407,5/23/2025 4:05
Dehn Sydler Theorem,Dehn & Sydler (1900-1965),Geometry,Solved,100,0.6721627712249756,0,1.19,0,0.18999999999999995,0.1111111111111111,9.86864910777917e-15,0,2.302585091994046,"[10.0, 0.0, 0.0, 0.0, 0.0]",4.541015625,0.13012933731079102,100,0,0,0.9373998780369407,5/23/2025 4:05
Banach Tarski Paradox,Banach & Tarski (1924),Set Theory,Solved,100,0.6885182857513428,0,1.43,0,0.07,0.090909091,9.86864910777917e-15,0,2.302585091994046,"[10.0, 0.0, 0.0, 0.0, 0.0]",13.671875,0.13259196281433105,100,0,0,0.9373998780369407,5/23/2025 4:06
Ax Grothendieck Theorem,Ax & Grothendieck (1960s),Algebraic Geometry,Solved,100,1.2639119625091553,0,1.24,0,0.24,0.052631579,9.86864910777917e-15,0,2.302585091994046,"[10.0, 0.0, 0.0, 0.0, 0.0]",7.397460938,0.20120859146118164,100,0,0,0.9373998780369407,5/23/2025 4:06
Cap Set Problem,Ellenberg & Gijswijt (2017),Combinatorial Geometry,Solved,100,0.6949245929718018,0,1.07,0,0.07,0.043478260869565216,9.86864910777917e-15,0,2.302585091994046,"[10.0, 0.0, 0.0, 0.0, 0.0]",3.637695313,0.12677002,100,0,0,0.9373998780369407,5/23/2025 4:06
Atiyah Singer Theorem,Atiyah & Singer (1963),Differential Geometry,Solved,100,0.693411112,0,1.5499999999999998,0,0.05,0.045454545454545456,9.86864910777917e-15,0,2.302585091994046,"[10.0, 0.0, 0.0, 0.0, 0.0]",20.77636719,0.14558625221252441,100,0,0,0.9373998780369407,5/23/2025 4:06
Hironaka Resolution,Hironaka (1964),Algebraic Geometry,Solved,100,0.7017524242401123,0,1.39,0,0.1100000000000001,0.052631579,9.86864910777917e-15,0,2.302585091994046,"[10.0, 0.0, 0.0, 0.0, 0.0]",12.37792969,0.12915253639221191,100,0,0,0.9373998780369407,5/23/2025 4:06
Uniformization Theorem,Poincaré & Koebe (1907),Complex Analysis,Solved,100,0.6928493976593018,0,1.33,0,0.16999999999999993,0.058823529411764705,9.86864910777917e-15,0,2.302585091994046,"[10.0, 0.0, 0.0, 0.0, 0.0]",9.155273438,0.12854409217834473,100,0,0,0.9373998780369407,5/23/2025 4:06
Surface Classification,Classical,Topology,Solved,100,0.6934566497802734,0,1.22,0,0.21999999999999997,0.1111111111111111,9.86864910777917e-15,0,2.302585091994046,"[10.0, 0.0, 0.0, 0.0, 0.0]",6.811523438,0.13372254371643066,100,0,0,0.9373998780369407,5/23/2025 4:06
Feit Thompson Theorem,Feit & Thompson (1963),Group Theory,Solved,100,0.6924293041229248,0,1.6,0,0.018000000000000016,0.076923077,9.86864910777917e-15,0,2.302585091994046,"[10.0, 0.0, 0.0, 0.0, 0.0]",23.19335938,0.12835931777954102,100,0,0,0.9373998780369407,5/23/2025 4:06
Godel Completeness,Gödel (1929),Mathematical Logic,Solved,100,0.6695470809936523,0,1.29,0,0.20999999999999996,0.052631579,9.86864910777917e-15,0,2.302585091994046,"[10.0, 0.0, 0.0, 0.0, 0.0]",7.666015625,0.1696643829345703,100,0,0,0.9373998780369407,5/23/2025 4:06
Fifteen Puzzle Solution,Johnson & Story (1879),Recreational Mathematics,Solved,100,1.2260181903839111,0,1.01,0,0.010000000000000009,0.04,9.86864910777917e-15,0,2.302585091994046,"[10.0, 0.0, 0.0, 0.0, 0.0]",4.272460938,0.1974344253540039,100,0,0,0.9373998780369407,5/23/2025 4:06
ABC Conjecture,Mochizuki (2012),Number Theory,Open,100,0.6764178276062012,0,1.28,0,0.21999999999999997,0.071428571,32815.87467897627,0.1794535630091419,1.1055532046010714,"[69.04988579874397, 39.13532766420767, 24.85803000937695, 18.883212068307884, 16.30133047821325]",3.930664063,0.1240386962890625,100,0,0,0.9979231857081095,5/23/2025 4:06
Goldbach Conjecture,Goldbach (1742),Number Theory,Open,100,0.6860263347625732,0,1.19,0,0.18999999999999995,0.071428571,19202.56735168315,0.4103961692999573,1.1101631943990837,"[53.10601586363024, 29.77716897601159, 18.94010297400266, 14.39227803399638, 12.425652098923631]",5.419921875,0.12552499771118164,100,0,0,0.9983210119255875,5/23/2025 4:06
Twin Prime Conjecture,de Polignac (1849),Number Theory,Open,100,0.6626992225646973,0,1.34,0,0.15999999999999992,0.071428571,35551.58555238682,0.028960960288186156,1.1051854826576717,"[71.83186773550054, 40.762203919913134, 25.88552382089065, 19.66282115409119, 16.97409855209855]",3.588867188,0.15203404426574707,100,0,0,0.9978735531899865,5/23/2025 4:06
Collatz Conjecture,Collatz (1937),Number Theory,Open,100,0.6757588386535645,0,1.41,0,0.09,0.071428571,32837.240161639405,0.17870903029598217,1.1055499217661884,"[69.07204140706986, 39.14829019719039, 24.866218142022806, 18.889424937428377, 16.3066919470946]",6.372070313,0.12550902366638184,100,0,0,0.9979227719737456,5/23/2025 4:06
Euler-Mascheroni Irrationality,Euler (1735),Number Theory,Open,100,0.6619055271148682,0,1.38,0,0.1200000000000001,0.071428571,35677.45977741548,0.012079640107038325,1.1051708975397898,"[71.9573148243216, 40.835528279849726, 25.931825910923724, 19.6979519681296, 17.004414661661304]",7.983398438,0.12980127334594727,100,0,0,0.9978714211685361,5/23/2025 4:06
Brocard Conjecture,Brocard (1876),Number Theory,Open,100,0.6758286952972412,0,1.42,0,0.08,0.071428571,35565.68278,0.11224551174235084,1.105183839844824,"[71.84592787952528, 40.770422285206415, 25.89071349953717, 19.666758725703698, 16.977496477516098]",6.079101563,0.13154935836791992,100,0,0,0.9978733137935654,5/23/2025 4:06
Legendre Conjecture,Legendre (1808),Number Theory,Open,100,1.0827085971832275,0,1.45,0,0.050000000000000044,0.071428571,23734.88630320848,0.4557755103613781,1.1078480306982454,"[58.89174716056499, 33.1806019089395, 21.094047283854746, 16.02698707932046, 13.836448501614923]",5.322265625,0.20402979850769043,100,0,0,0.9981501695145472,5/23/2025 4:06
Hadwiger-Nelson Problem,Nelson (1950),Graph Theory,Open,100,0.87092948,0,1.37,0,0.1299999999999999,0.076923077,32794.443823383226,0.18019734318507236,1.1055565045677413,"[69.0276553407454, 39.12232123781014, 24.84981412838691, 18.876978142457094, 16.295950837551324]",4.272460938,0.12547087669372559,100,0,0,0.9979236011492625,5/23/2025 4:06
Graph Isomorphism Problem,Unknown (1970s),Graph Theory,Open,100,0.6577980518341064,0,1.41,0,0.09,0.076923077,20018.193404651214,0.40398026243017987,1.1096516154437694,"[54.19257556721562, 30.417082519039468, 19.345257341125333, 14.699777878186973, 12.691036252577097]",5.444335938,0.13925409317016602,100,0,0,0.9982861246024755,5/23/2025 4:06
Erdos-Szekeres Conjecture,Erdos & Szekeres (1935),Combinatorics,Open,100,0.6751489639282227,0,1.5700000000000003,0,0.048,0.071428571,20632.397408436675,0.4891343243768961,1.1092980352388315,"[54.99669245815557, 30.89042361366598, 19.64489538615173, 14.92719017846674, 12.887300647259165]",3.686523438,0.1321861743927002,100,0,0,0.9982611858776403,5/23/2025 4:06
Ramsey Number Asymptotics,Erdos (1947),Combinatorics,Open,100,0.6615445613861084,0,1.47,0,0.030000000000000027,0.071428571,18763.01670492414,0.5038691465467039,1.1104607614520015,"[52.51116532500525, 29.426683845993278, 18.71816131112299, 14.223828530454623, 12.28027296780955]",5.908203125,0.1430187225341797,100,0,0,0.99834071,5/23/2025 4:06
Reconstruction Conjecture,Kelly & Ulam (1942),Graph Theory,Open,100,0.6748857498168945,0,1.44,0,0.06,0.076923077,30907.26527509898,0.23639024484803367,1.105876788071562,"[67.041507088043, 37.95986492817021, 24.115425312048092, 18.319740153264146, 15.815073112747017]",5.444335938,0.1324024200439453,100,0,0,0.9979620018399666,5/23/2025 4:06
1-Factorization Conjecture,Chetwynd & Hilton (1985),Graph Theory,Open,100,0.6940743923187256,0,1.5499999999999998,0,0.05,0.076923077,35612.38601307303,0.10631538388315383,1.1051784142083212,"[71.89248885613569, 40.7976376029102, 25.90789918890999, 19.679798039873788, 16.988748745316624]",3.979492188,0.13092780113220215,100,0,0,0.9978725218101696,5/23/2025 4:06
Lovasz Conjecture,Lovasz (1969),Graph Theory,Open,100,0.6889288425445557,0,1.36,0,0.1399999999999999,0.076923077,22682.508962164105,0.3780614731729069,1.108284458387689,"[57.59987958255428, 32.42148958986711, 20.613810370248764, 15.662532076491802, 13.521918634848273]",3.955078125,0.12942028045654297,100,0,0,0.9981852761816745,5/23/2025 4:06
Unknotting Problem,Unknown (1960s),Knot Theory,Open,100,1.283660888671875,0,1.28,0,0.21999999999999997,0.083333333,34975.31875619936,0.078874552,1.105254702274962,"[71.2547728626852, 40.42485024613131, 25.672486870035183, 19.50118259751563, 16.83461243332473]",8.032226563,0.22335243225097656,100,0,0,0.9978834756324192,5/23/2025 4:06
Ulam Packing Conjecture,Ulam (1976),Geometry,Open,100,0.7254242897033691,0,2.33,0,0.33000000000000007,0.1111111111111111,13513.951391740728,0.8987863963601805,1.1157600671663688,"[44.80181312412695, 24.873189068104843, 15.832107167040835, 12.033215523293658, 10.389632181179545]",9.5703125,0.12639331817626953,100,0,0,0.9986396460959136,5/23/2025 4:06
Kissing Number Problem,Unknown (1900s),Geometry,Open,100,0.6818363666534424,0,2.38,0,0.3382818284590452,0.1111111111111111,35849.60414719415,0.15472211364149394,1.105151253151456,"[72.12852638634887, 40.935597283648605, 25.995015377148153, 19.745895639949513, 17.045787586290675]",11.69433594,0.13365554809570312,100,0,0,0.9978685255435028,5/23/2025 4:06
Hopf Invariant One,Hopf (1931),Topology,Solved by Adams,100,0.6883480548858643,0,1.45,0,0.050000000000000044,0.1111111111111111,9.86864910777917e-15,0,2.302585091994046,"[10.0, 0.0, 0.0, 0.0, 0.0]",14.89257813,0.13157892227172852,100,0,0,0.9373998780369407,5/23/2025 4:06
Smooth 4D Poincare,Unknown (1960s),Topology,Open,100,0.6745190620422363,0,2.05,0,0.05,0.1111111111111111,12304.333678705705,0.9067665020881595,1.1176877760265622,"[42.82841532301257, 23.703836466989237, 15.090066092935661, 11.469942319493244, 9.90347715839946]",20.1171875,0.1295638084411621,100,0,0,0.9987310209763208,5/23/2025 4:06
Triangulation Conjecture,Unknown (1970s),Topology,Open,100,0.6568686962127686,0,2.41,0,0.30828182845904495,0.1111111111111111,18931.85633094382,0.9828294935404553,1.110344544809898,"[52.74044977708975, 29.561791256496836, 18.803719955488592, 14.288766126419901, 12.336316955525701]",12.42675781,0.14528322219848633,100,0,0,0.9983330664863166,5/23/2025 4:06
Ehrenpreis Conjecture,Ehrenpreis (1970s),Geometry,Open,100,0.685448408,0,2.37,0,0.348281828,0.1111111111111111,31494.420149115762,0.37252307133302665,1.1057705651041632,"[67.66563049242802, 38.325242535952306, 24.346274248479897, 18.494905190796473, 15.96623522257997]",11.18164063,0.12322449684143066,100,0,0,0.9979496562435101,5/23/2025 4:06
Invariant Subspace Problem,von Neumann (1935),Analysis,Open,100,0.6962196826934814,0,1.25,0,0.25,0.1111111111111111,35189.56918483687,0.063209073,1.1052284909121504,"[71.46986838872067, 40.55059669644378, 25.751896672024735, 19.561433753297514, 16.88660626302963]",6.909179688,0.20906591415405273,100,0,0,0.9978797551987425,5/23/2025 4:06
Entropy Conjecture,Shub (1974),Dynamical Systems,Open,100,1.2029101848602295,0,1.32,0,0.17999999999999994,0.055555556,20086.354453645155,0.49384779749636876,1.1096110942372255,"[54.282397238974085, 30.46996545347542, 19.378735902476926, 14.725186819890377, 12.712965064102304]",9.057617188,0.12114644050598145,100,0,0,0.9982833023607176,5/23/2025 4:06
MLC Conjecture,Douady & Hubbard (1980s),Complex Dynamics,Open,100,0.6674149036407471,0,2.2199999999999998,0,0.21999999999999975,0.058823529411764705,20290.97583372902,0.7923508446572085,1.1094914046629993,"[54.551159646668935, 30.628186007944613, 19.478897158829692, 14.801205119589572, 12.77857146180426]",16.28417969,0.12854838371276855,100,0,0,0.9982749129219256,5/23/2025 4:06
Complex Jacobian Conjecture,Keller (1939),Complex Analysis,Open,100,0.6813302040100098,0,1.29,0,0.20999999999999996,0.058823529411764705,31716.08962237414,0.3014394737745148,1.1057320624452636,"[67.89978170668215, 38.462299210845735, 24.43286328226502, 18.560607305548583, 16.022934022838196]",7.958984375,0.29475927352905273,100,0,0,0.9979450914318467,5/23/2025 4:06
Homological Conjecture,Bass (1962),Commutative Algebra,Open,100,0.6735100746154785,0,2.34,0,0.33999999999999986,0.05,16080.942242844276,0.8700596547744424,1.1126890236658529,"[48.72469388374819, 27.192942710744223, 17.30302816999286, 13.149728348696149, 11.353266031027545]",10.42480469,0.1390857696533203,100,0,0,0.9984768141105306,5/23/2025 4:07
Sendov Conjecture,Sendov (1958),Analysis,Open,100,0.6695470809936523,0,1.43,0,0.07,0.1111111111111111,18965.658020151073,0.5024633056932768,1.1103215688796326,"[52.786233216218676, 29.58876744839997, 18.820802543574192, 14.30173149654568, 12.34750662797164]",5.102539063,0.12266659736633301,100,0,0,0.9983315478634813,5/23/2025 4:07
Yang-Mills Mass Gap,Clay Institute (2000),Mathematical Physics,Open,100,0.658848763,0,2.15,0,0.1499999999999999,0.047619047619047616,28867.081694648376,0.7790601369972412,1.1062987194587774,"[64.82669073424222, 36.66257067621425, 23.295633763064348, 17.697678631070914, 15.278248769116733]",28.66210938,0.12235474586486816,100,0,0,0.9980079930074786,5/23/2025 4:07
Hodge Conjecture,Hodge (1950),Algebraic Geometry,Open,100,0.6716504096984863,0,2.1,0,0.10000000000000009,0.052631579,33067.90647376041,0.2654040478429011,1.1055149248331966,"[69.31079246392892, 39.28796937214507, 24.954448871761965, 18.956371191892707, 16.364463969621536]",25.26855469,0.11998605728149414,100,0,0,0.9979183329678891,5/23/2025 4:07
Quantum Gravity Framework,Unknown (1960s),Mathematical Physics,Open,100,1.2815077304840088,0,1.9500000000000002,0,0.05,0.047619047619047616,13634.81019364495,0.8977821311156944,1.115587325373868,"[44.994205738607945, 24.987102463126117, 15.904372062108878, 12.08807013220327, 10.436976316865644]",30.78613281,0.2066044807434082,100,0,0,0.9986310912469569,5/23/2025 4:07
Rigorous QFT,Wightman (1956),Mathematical Physics,Open,100,0.7431771755218506,0,2.05,0,0.05,0.047619047619047616,7177.295335322646,0.8869938361221636,1.1332672677133167,"[33.169594525454464, 17.951075137324157, 11.43230783789822, 8.693398860510976, 7.507011215618178]",20.55664063,0.13701605796813965,100,0,0,0.9992820554100826,5/23/2025 4:07
Novikov Conjecture,Novikov (1970),Differential Topology,Open,100,0.6797921657562256,0,2.2,0,0.20000000000000018,0.045454545454545456,29014.511983122513,0.5034690008150894,1.1062652304980858,"[64.98924411010258, 36.757820907527005, 23.35583278422863, 17.743358714353533, 15.317669819781136]",15.60058594,0.1428532600402832,100,0,0,0.9980044976251785,5/23/2025 4:07
Unique Games Conjecture,Khot (2002),Complexity Theory,Open,100,0.694746733,0,1.38,0,0.1200000000000001,0.055555556,22682.508962164084,0.3780614731729113,1.1082844583876879,"[57.599879582554195, 32.42148958986707, 20.61381037024875, 15.662532076491791, 13.52191863484827]",4.223632813,0.1325516700744629,100,0,0,0.9981852761816745,5/23/2025 4:07
Exponential Time Hypothesis,Impagliazzo & Paturi (1999),Complexity Theory,Open,100,0.6983294486999512,0,1.5899999999999999,0,0.028000000000000247,0.055555556,34549.79709736184,0.19048458386222183,1.1053084844349939,"[70.82566035258523, 40.173960813455004, 25.51404254507373, 19.380964409014343, 16.730869788134278]",3.833007813,0.12692832946777344,100,0,0,0.9978909774434065,5/23/2025 4:07
Polynomial Hirsch Conjecture,Hirsch (1957),Discrete Geometry,Open,100,0.6886127,0,1.46,0,0.040000000000000036,0.055555556,26158.514774660962,0.42124758249433203,1.1070129528954402,"[61.76495925034031, 34.867362666805995, 22.160793968457394, 16.836518121866366, 14.535076761834217]",5.639648438,0.13083124160766602,100,0,0,0.9980776424950829,5/23/2025 4:07
Counting CSP Complexity,Unknown (2000s),Complexity Theory,Open,100,0.6732015609741211,0,1.39,0,0.1100000000000001,0.055555556,20256.858776371475,0.40197030534815037,1.1095111593520552,"[54.50643986045537, 30.6018609604057, 19.462232475218286, 14.788557331377634, 12.767655994643732]",4.39453125,0.1283857822418213,100,0,0,0.9982763031386068,5/23/2025 4:07
Sensitivity Conjecture,Nisan & Szegedy (1994),Boolean Functions,Solved by Huang,100,0.6546487808227539,0,1.03,0,0.030000000000000027,0.055555556,9.86864910777917e-15,0,2.302585091994046,"[10.0, 0.0, 0.0, 0.0, 0.0]",4.418945313,0.1469099521636963,100,0,0,0.9373998780369407,5/23/2025 4:07
DNA Quantum Information Storage,Various (2020s),Quantum Biology,Open,100,1.2485198974609375,0,2.17,0,0.16999999999999993,0.0625,33210.483851530866,0.25423077111575065,1.1054936952415055,"[69.45796159709042, 39.37406356064669, 25.00883047970811, 18.997633839866474, 16.40007199941291]",29.95605469,0.23137450218200684,100,0,0,0.9979156143361008,5/23/2025 4:07
Quantum Entanglement Biology,Various (2010s),Quantum Biology,Open,100,0.6944444179534912,0,2.23,0,0.22999999999999998,0.0625,11538.46277549159,0.9782194512209648,1.1191279518700814,"[41.53018117693977, 22.933590279926094, 14.601054697386989, 11.098734817727161, 9.583089184341977]",34.5703125,0.1329030990600586,100,0,0,0.9987948694085398,5/23/2025 4:07
Plant-Fungal Network Communication,Simard (2000s),Network Biology,Open,100,0.687100887,0,2.39,0,0.32828182845904497,0.0625,9676.102312493998,0.9517447416922383,1.1236097997523902,"[38.187742930973286, 20.946613527829626, 13.33861837141526, 10.140414365862325, 8.75595695062304]",26.39160156,0.12258505821228027,100,0,0,0.998973682,5/23/2025 4:07
Mycorrhizal Intelligence Framework,Stamets (2005),Fungal Intelligence,Open,100,0.6594069004058838,0,2.19,0,0.18999999999999995,0.05,11960.824798171863,0.9083121499465753,1.118310024353585,"[42.2511011638214, 23.361412517777783, 14.872692852828576, 11.304935205399259, 9.761060323359787]",30.24902344,0.1420450210571289,100,0,0,0.9987590386464047,5/23/2025 4:07
Crystalline Information Processing,Various (2015s),Mineralogy,Open,100,0.687220573,0,2.42,0,0.29828182845904516,0.090909091,31519.279793653022,0.6660981821753417,1.1057662043742276,"[67.69192979680041, 38.34063699197472, 24.35600021226221, 18.50228508014378, 15.972603831956826]",14.77050781,0.1289668083190918,100,0,0,0.9979491417318533,5/23/2025 4:07
Quasicrystal Computation Theory,Shechtman (1984),Mineralogy,Open,100,0.6642453670501709,0,2.23,0,0.22999999999999998,0.090909091,15758.653625384659,0.8744841487287746,1.1130147860571238,"[48.24971396064803, 26.912383864144715, 17.125204233778184, 13.014753373735976, 11.236773759274856]",15.94238281,0.13922572135925293,100,0,0,0.998495282,5/23/2025 4:07
Deep Ocean Bioluminescence Networks,Various (2010s),Marine Biology,Open,100,0.6869337558746338,0,2.32,0,0.31999999999999984,0.066666667,32642.609115702915,0.29703916871449687,1.1055800889672478,"[68.86995248004398, 39.03005073671695, 24.79152819851054, 18.832752733295187, 16.257785975236448]",21.99707031,0.1215813159942627,100,0,0,0.9979265571999203,5/23/2025 4:07
Abyssal Communication Systems,Various (2020s),Marine Biology,Open,100,1.1349890232086182,0,2.36,0,0.3582818284590452,0.066666667,25504.776039239376,0.8782683066404833,1.107217493569489,"[61.00317626174355, 34.420350578727195, 21.878138321870047, 16.622020873402533, 14.349965988856251]",24.56054688,0.21993494033813477,100,0,0,0.9980961600227211,5/23/2025 4:07
Deep Sea Thermodynamics,Various (2000s),Marine Physics,Open,100,1.395942211151123,0,2.28,0,0.2799999999999998,0.066666667,14931.965995916275,0.8847866419827188,1.1139216227282551,"[47.00940306206984, 26.17936452027383, 16.660508135747442, 12.662026997489487, 10.932346144764951]",20.14160156,0.22867059707641602,100,0,0,0.9985450840699176,5/23/2025 4:07
Hydrothermal Vent Syntax,Various (2015s),Marine Chemistry,Open,100,0.674994707,0,2.34,0,0.33999999999999986,0.058823529411764705,35200.03901284841,0.37162129565661345,1.1052272246359662,"[71.48036313769518, 40.5567317744318, 25.75577096905538, 19.564373320593322, 16.889142965800637]",23.95019531,0.15610671043395996,100,0,0,0.9978795743505714,5/23/2025 4:07
Zero-Point Energy Extraction,Various (1990s),Free Energy,Open,100,0.6757984161376953,0,2.02,0,0.020000000000000018,0.083333333,22954.892223881612,0.7242716359335144,1.108166600970905,"[57.936994074565604, 32.61962445666548, 20.73916609701873, 15.75766619252442, 13.604020968112218]",37.86621094,0.12873411178588867,100,0,0,0.9981759576582218,5/23/2025 4:07
Vacuum Energy Topology,Various (2000s),Quantum Vacuum,Open,100,0.6631863117218018,0,2.06,0,0.06,0.066666667,34369.79039348177,0.47080027463962654,1.1053319437299896,"[70.6433599668899, 40.06736417773594, 25.446721159480326, 19.329884671979347, 16.68679030744103]",40.47851563,0.14255356788635254,100,0,0,0.9978941968896525,5/23/2025 4:07
Casimir Force Optimization,Various (2005s),Quantum Electrodynamics,Open,100,0.6789119243621826,0,2,0,0,0.041666666666666664,10504.715117559048,0.9109518746985318,1.1214161174734694,"[39.71001401333113, 21.852287297212627, 13.914222016263707, 10.577357388387227, 9.133086627943806]",36.328125,0.13976120948791504,100,0,0,0.9988896129435506,5/23/2025 4:07
Energy From Spacetime,Various (2010s),Quantum Field Theory,Open,100,0.6726160049438477,0,2.04,0,0.040000000000000036,0.047619047619047616,33977.306356094065,0.1878516799261787,1.1053845999585215,"[70.24425493454783, 39.8339721861279, 25.299316878193014, 19.218041950830745, 16.59027500184269]",39.62402344,0.15369534492492676,100,0,0,0.9979013135707042,5/23/2025 4:07
Black Hole Information Paradox,Hawking (1975),Quantum Gravity,Open,100,1.058105707168579,0,2.92,0,0.20171817154095484,0.0625,26288.109602681845,0.8310353950445938,1.1069740412615052,"[61.914868615598905, 34.95531221184186, 22.21640269060142, 16.878717250662568, 14.57149444493651]",50.83007813,0.22438979148864746,100,0,0,0.9980740564703324,5/23/2025 4:07
Firewall Paradox Resolution,AMPS (2012),Black Hole Physics,Open,100,0.8203608989715576,0,2.13,0,0.1299999999999999,0.052631579,8345.221662870807,0.9240361685984615,1.1280453971251139,"[35.60477095524536, 19.406791807824064, 12.359215969987899, 9.396960502084333, 8.114270216899728]",47.31445313,0.1220545768737793,100,0,0,0.9991265544468304,5/23/2025 4:07
Hawking Radiation Unification,Various (2010s),Black Hole Thermodynamics,Open,100,0.6792032718658447,0,2.1,0,0.10000000000000009,0.038461538461538464,10504.715117559235,0.9651273154106679,1.121416117473466,"[39.7100140133314, 21.852287297212804, 13.914222016263835, 10.577357388387338, 9.133086627943896]",44.140625,0.12426447868347168,100,0,0,0.9988896129435503,5/23/2025 4:07
Black Hole Complementarity,Susskind (1993),Quantum Gravity,Open,100,0.6541171073913574,0,2.12,0,0.1200000000000001,0.0625,17258.814169004225,0.993600199,1.1116134124619412,"[50.42256454690536, 28.19516938637902, 17.938105393138077, 13.631766922303294, 11.76929423369297]",46.41113281,0.12487220764160156,100,0,0,0.9984134104017358,5/23/2025 4:07
Cambrian Explosion Mathematical Model,Various (2000s),Evolutionary Biology,Open,100,0.679610014,0,2.53,0,0.1882818284590453,0.047619047619047616,10531.236041793716,0.9655114307247279,1.121351673823637,"[39.75776274602609, 21.880675041191836, 13.93225893876836, 10.591049312741184, 9.144904219861694]",20.23925781,0.12416434288024902,100,0,0,0.9988870478295491,5/23/2025 4:07
Viral Evolution Prediction Framework,Various (2020s),Epidemiology,Open,100,0.6776669025421143,0,2.44,0,0.27828182845904514,0.076923077,35849.60414719415,0.18159634902783142,1.105151253151456,"[72.12852638634887, 40.935597283648605, 25.995015377148157, 19.745895639949513, 17.045787586290675]",15.50292969,0.13015460968017578,100,0,0,0.9978685255435028,5/23/2025 4:07
Protein Folding Complete Solution,Levinthal (1969),Biochemistry,Open,100,0.6928315162658691,0,2.33,0,0.33000000000000007,0.076923077,18560.79954199642,0.9857639450807067,1.1106032056105017,"[52.235233298969014, 29.264066671839085, 18.61517659807014, 14.145664486399872, 12.212813871427924]",23.09570313,0.12297677993774414,100,0,0,0.9983499958446559,5/23/2025 4:07
Telomere Regulation Mechanisms,Various (1990s),Cellular Biology,Open,100,0.6773993968963623,0,2.4699999999999998,0,0.24828182845904534,0.058823529411764705,35850.24604020692,0.17991979326450358,1.1051511805484813,"[72.12916405043818, 40.935969972316855, 25.995250712480313, 19.74607419541739, 17.04594167041566]",16.2109375,0.1454002857208252,100,0,0,0.9978685147894515,5/23/2025 4:07
Epigenetic Inheritance Mathematics,Various (2010s),Genetics,Open,100,1.2688910961151123,0,2.26,0,0.2599999999999998,0.1111111111111111,10085.516853714895,0.9104338633899582,1.122480414519295,"[38.9474185634632, 21.39874095333407, 13.626008448165296, 10.358573031714926, 8.944252056877808]",18.38378906,0.23525071144104004,100,0,0,0.9989311709170494,5/23/2025 4:07
Climate Tipping Points Prediction,Various (2010s),Climate Science,Open,100,0.6810455322265625,0,2.24,0,0.2400000000000002,0.0625,22954.892223882067,0.9310989624117469,1.1081666009708986,"[57.93699407456588, 32.61962445666568, 20.739166097018913, 15.757666192524598, 13.604020968112414]",34.27734375,0.13594436645507812,100,0,0,0.998175958,5/23/2025 4:08
Ocean Current Stability Equations,Various (2020s),Oceanography,Open,100,0.677093506,0,2.16,0,0.16000000000000014,0.076923077,17258.81416900427,0.8520026781878134,1.1116134124619421,"[50.42256454690546, 28.19516938637907, 17.938105393138095, 13.63176692230331, 11.769294233692985]",28.95507813,0.12890148162841797,100,0,0,0.9984134104017358,5/23/2025 4:08
Magnetic Pole Reversal Dynamics,Various (2000s),Geophysics,Open,100,0.683652401,0,2.21,0,0.20999999999999996,0.090909091,24809.18154134502,0.8943703134428397,1.107451182927343,"[60.18212023748595, 33.93839460788241, 21.573350848347573, 16.390725332755775, 14.15035740073595]",32.27539063,0.13591694831848145,100,0,0,0.9981166831761624,5/23/2025 4:08
Earth's Core Dynamo Model,Various (1990s),Geophysics,Open,100,0.6740562915802002,0,2.19,0,0.18999999999999995,0.090909091,35637.22751291332,0.048248620995905656,1.1051755388554545,"[71.91724256791264, 40.81210620423368, 25.91703565746538, 19.686730157313995, 16.994730810539707]",31.07910156,0.144242525,100,0,0,0.9978721012540955,5/23/2025 4:08
Atmospheric Turbulence Framework,Various (2005s),Atmospheric Science,Open,100,0.7024798393249512,0,2.38,0,0.3382818284590452,0.05,12046.239030074717,0.9833148087812293,1.1181518461527613,"[42.39539118798193, 23.447010225812292, 14.927034424272403, 11.3461857373248, 9.796663496175995]",25.9765625,0.1396336555480957,100,0,0,0.9987519802140171,5/23/2025 4:08
Neural Binding Problem,Various (1990s),Neuroscience,Open,100,0.6649024486541748,0,2.01,0,0.01,0.076923077,7913.497441588794,0.8967067276490328,1.129800426,"[34.72490834361435, 18.881299445474195, 12.02473551835043, 9.14306895480703, 7.895131378165713]",36.30371094,0.14716744422912598,100,0,0,0.9991815202252375,5/23/2025 4:08
Integrated Information Theory Formalization,Tononi (2004),Consciousness Studies,Open,100,0.7925875186920166,0,2.04,0,0.040000000000000036,0.045454545454545456,22546.15654508422,0.7357064854511309,1.1083448104122224,"[57.43038480475599, 32.32185935680093, 20.55077379379832, 15.614692567901182, 13.480632276113731]",39.74609375,0.20456433296203613,100,0,0,0.9981900042076329,5/23/2025 4:08
Global Workspace Model Integration,Baars (1988),Cognitive Science,Open,100,1.105790615081787,0,2.23,0,0.22999999999999998,0.055555556,26028.520129621906,0.865241402,1.1070525170509589,"[61.61422412932447, 34.77892310827307, 22.104874193312327, 16.794082835717493, 14.49845524419659]",34.20410156,0.1417083740234375,100,0,0,0.9980812673408357,5/23/2025 4:08
Orchestrated Objective Reduction Mathematics,Penrose & Hameroff (1990s),Quantum Consciousness,Open,100,0.7019186019897461,0,2.09,0,0.09,0.045454545454545456,32794.44382338327,0.5934503351073716,1.1055565045677411,"[69.02765534074547, 39.122321237810176, 24.84981412838693, 18.87697814245711, 16.295950837551338]",43.9453125,0.1278064250946045,100,0,0,0.9979236011492626,5/23/2025 4:08
Subjective Experience Formalism,Various (2000s),Philosophy of Mind,Open,100,0.6584532260894775,0,2.06,0,0.06,0.052631579,33765.20437,0.20743415341720112,1.1054139368462863,"[70.02763988783954, 39.70728491124881, 25.219301639859413, 19.157330239153705, 16.537883405445225]",42.33398438,0.1413123607635498,100,0,0,0.9979052159151544,5/23/2025 4:08
Information-Energy Equivalence Principles,Various (2010s),Information Physics,Open,100,0.6817667484283447,0,2.15,0,0.1499999999999999,0.05,21521.311504969923,0.7627778406766934,1.108829282640627,"[56.140160308946584, 31.563193425063492, 20.07070273509408, 15.250353837505116, 13.166199997838067]",28.78417969,0.124145508,100,0,0,0.9982269584514418,5/23/2025 4:08
Algorithmic Information Compression Limits,Various (2000s),Information Theory,Open,100,0.6679537296295166,0,2.4299999999999997,0,0.2882818284590454,0.052631579,24575.512857336376,0.6751586514152635,1.1075336450739786,"[59.90380056875995, 33.774983359192646, 21.47000143294495, 16.312295296487623, 14.082671880186838]",13.91601563,0.13120031356811523,100,0,0,0.9981237765001054,5/23/2025 4:08
Minimum Energy Computation Framework,Landauer (1961),Information Thermodynamics,Open,100,0.6851694583892822,0,2.46,0,0.2582818284590451,0.037037037037037035,29073.19419676593,0.7716082904668573,1.106252039360918,"[65.05383395264192, 36.79566649378396, 23.379751179705796, 17.761508381192744, 15.333332630242229]",15.47851563,0.12778186798095703,100,0,0,0.9980031141674238,5/23/2025 4:08
Self-Organizing Criticality Universal Laws,Bak (1987),Complex Systems,Open,100,0.6834108829498291,0,2.36,0,0.3582818284590452,0.0625,17523.923357159834,0.9923177076615886,1.1113937358277648,"[50.79689446574882, 28.415995129051392, 18.078003800196438, 13.737951247034893, 11.860937092347715]",24.68261719,0.13383984565734863,100,0,0,0.9983999630515121,5/23/2025 4:08
Information-Theoretic Reality Model,Wheeler (1990),Quantum Information,Open,100,1.2834382057189941,0,2.18,0,0.18000000000000016,0.05,34745.81792636681,0.10513492654095483,1.1052834203298707,"[71.02365335607747, 40.28972597823669, 25.58715274176186, 19.43643620688115, 16.778739370186084]",29.76074219,0.20518875122070312,100,0,0,0.9978875028460038,5/23/2025 4:08
